Installation ID,Installation ID (Union registry),Installation name,Operator name,Quantity to be allocated,,,,,Quantity to be allocated by installation,ETS-ID,ETS
,,,,2021,2022,2023,2024,2025,,,
CZ000000000000135,135,Teplárna - spalovací zařízení,"ACTHERM, spol. s r.o., odštěpný závod Chomutov",7757,7558,7359,7160,6961,36795,,
CZ000000000000263,263,AGC Flat Glass Czech - závod Barevka,"AGC Flat Glass Czech a.s., člen AGC Group",17549,17549,17549,17549,17549,87745,,
CZ000000000000409,409,"AGC Flat Glass Czech - závod Řetenice, výrobní linka R3","AGC Flat Glass Czech a.s., člen AGC Group",90433,90433,90433,90433,90433,452165,,
CZ000000000000262,262,"AGC Flat Glass Czech - závod Řetenice, výrobní linky R1, R2","AGC Flat Glass Czech a.s., člen AGC Group",171255,171255,171255,171255,171255,856275,,
CZ000000000000346,346,Aircraft Industries a.s.,Aircraft Industries a.s.,1148,1148,1148,1148,1148,5740,,
CZ000000000000049,49,Kotelna Břidličná,"AL INVEST Břidličná, a.s.",16981,16981,16981,16981,16981,84905,,
CZ000000000000082,82,ELEKTRÁRNA KLADNO,Alpiq Generation (CZ) s.r.o,10461,10192,9923,9655,9386,49617,,
CZ000000000000044,44,Teplárna Zlín,Alpiq Generation (CZ) s.r.o.,15278,14885,14493,14100,13708,72464,,
CZ000000000210084,210084,Výroba papíru,"Papírny APIS, s.r.o",1099,1099,1099,1099,1099,5495,NEW,
CZ000000000000423,423,ArcelorMittal Engineering Products Ostrava s.r.o.,ArcelorMittal Engineering Products Ostrava s.r.o.,8461,8461,8461,8461,8461,42305,,
CZ000000000000073,73,ArcelorMittal Ostrava a.s.,ArcelorMittal Ostrava a.s.,3402629,3402629,3402629,3402629,3402629,17013145,,
CZ000000000000004,4,ArcelorMittal Tubular Products Karviná a.s.,ArcelorMittal Tubular Products Karviná a.s.,4546,4546,4546,4546,4546,22730,,
CZ000000000000410,410,ArcelorMittal Tubular Products Ostrava a.s.,ArcelorMittal Tubular Products Ostrava a.s.,35821,35821,35821,35821,35821,179105,,
CZ000000000000192,192,Plynová kotelna Aero Vodochody,ATALIAN CZ s.r.o.,1008,1008,1008,1008,1008,5040,,
CZ000000000000157,157,Závod Lukavice,Balsac papermill s.r.o.,5571,5571,5571,5571,5571,27855,,
CZ000000000000280,280,Lenzing Biocel Paskov a.s.,Lenzing Biocel Paskov a.s.,3929,3929,3929,3929,3929,19645,,
CZ000000000203591,203591,"Válcovna kol, kovárna náprav BONATRANS GROUP a.s.",BONATRANS GROUP a.s.,27592,27592,27592,27592,27592,137960,Maybe same as  CZ-0462,462
CZ000000000201865,201865,"BorsodChem MCHZ, s.r.o.","BorsodChem MCHZ, s.r.o.",129463,129463,129463,129463,129463,647315,NEW,
CZ000000000000307,307,C-Energy Planá s.r.o.,C-Energy Planá s.r.o.,11476,11181,10886,10591,10296,54430,,
CZ000000000000333,333,CARMEUSE CZECH REPUBLIC s.r.o; Vápenka Mokrá,CARMEUSE CZECH REPUBLIC s.r.o.,65638,65638,65638,65638,65638,328190,,
CZ000000000000399,399,Carthamus a.s. Energoblok Domoradice,Carthamus a.s.,6998,6818,6638,6458,6279,33191,,
CZ000000000000075,75,Rotační pec,"Cement Hranice, akciová společnost",474188,474188,474188,474188,474188,2370940,,
CZ000000000000342,342,"Cemex Czech Republic, s.r.o., rotační pec na výpal cementářského slínku","Cemex Czech Republic, s.r.o.",440183,440183,440183,440183,440183,2200915,,
CZ000000000000108,108,"CEREPA, a.s.","CEREPA, a.s.",1262,1262,1262,1262,1262,6310,,
CZ000000000000341,341,Cihelna - tunelová pec,"Cihelna Hodonín, s.r.o",6946,6946,6946,6946,6946,34730,,
CZ000000000000358,358,"Cihelna Polom, spol. s r.o.","Cihelna Polom, spol. s r.o.",1986,1986,1986,1986,1986,9930,,
CZ000000000000265,265,"Cihelna Kinský, spol. s r. o.","Cihelna Kinský, spol. s r. o.",10886,10886,10886,10886,10886,54430,,
CZ000000000202610,202610,Constellium Extrusions Děčín s.r.o.,Constellium Extrusions Děčín s.r.o.,15911,15911,15911,15911,15911,79555,CZ-0452,452
CZ000000000000312,312,"Crystal BOHEMIA, a.s.","Crystal BOHEMIA, a.s.",5017,5017,5017,5017,5017,25085,,
CZ000000000000155,155,"Crystalex CZ, s.r.o. – závod Nový Bor","Crystalex CZ, s.r.o.",7632,7632,7632,7632,7632,38160,,
CZ000000000000284,284,Sklo Bohemia,CRYSTALITE BOHEMIA a.s.,12663,12663,12663,12663,12663,63315,,
CZ000000000201951,201951,"CS CABOT, spol. s r.o.","CS CABOT, spol. s r.o.",135867,135867,135867,135867,135867,679335,CS-0457,457
CZ000000000000053,53,"Moravskoslezské cukrovary, a.s.- odštěpný závod Opava","Moravskoslezské cukrovary, a.s.",19050,19050,19050,19050,19050,95250,,
CZ000000000000005,5,Cukrovar Vrbátky,"Cukrovar Vrbátky, a.s.",10767,10767,10767,10767,10767,53835,,
CZ000000000000347,347,"Moravskoslezské cukrovary, a.s. závod Hrušovany nad Jevišovkou","Moravskoslezské cukrovary, a.s.",24565,24565,24565,24565,24565,122825,,
CZ000000000000145,145,Plynová kotelna,Devro s.r.o.,4913,4913,4913,4913,4913,24565,,
CZ000000000000149,149,"DEZA, a.s.","DEZA, a.s.",158085,158085,158085,158085,158085,790425,,
CZ000000000000197,197,"DIAMO, státní podnik, odštěpný závod Těžba a úprava uranu","DIAMO, státní podnik",3839,3839,3839,3839,3839,19195,,
CZ000000000000077,77,Dřevozpracující družstvo Lukavec,Dřevozpracující družstvo,23421,23421,23421,23421,23421,117105,,
CZ000000000000118,118,Elektrárna Dětmarovice,"Elektrárna Dětmarovice, a.s.",7372,7183,6993,6804,6614,34966,,
CZ000000000000128,128,Elektrárna Tisová,"Elektrárna Tisová, a.s.",9237,8999,8762,8525,8287,43810,,
CZ000000000000036,36,Elektrárna Opatovice,"Elektrárny Opatovice, a.s.",49244,47979,46714,45448,44183,233568,,
CZ000000000000083,83,"EMBA, spol. s r.o.","EMBA, spol. s r.o.",2347,2347,2347,2347,2347,11735,,
CZ000000000000252,252,Provozy Teplárny a Tepelná energetika,"ENERGETIKA TŘINEC, a.s.",55274,53854,52434,51014,49594,262170,,
CZ000000000000109,109,ENERGIE Holding a.s.,ENERGIE Holding a.s.,3463,3463,3463,3463,3463,17315,,
CZ000000000000048,48,"ENERGOAQUA, a.s. - výtopna","ENERGOAQUA, a.s.",2731,2661,2591,2521,2451,12955,,
CZ000000000000224,224,Teplárna Vítkovice,"Energocentrum Vítkovice, a.s.",7413,7222,7032,6841,6651,35159,,
CZ000000000000045,45,Elektrárna Mělník 1,"Energotrans, a.s.",104171,101495,98818,96141,93465,494090,,
CZ000000000000367,367,"ENERGY Ústí nad Labem, a.s.","ENERGY Ústí nad Labem, a.s.",26388,25710,25032,24354,23675,125159,,
CZ000000000000148,148,Ethanol Energy,Ethanol Energy a.s.,24277,24277,24277,24277,24277,121385,,
CZ000000000000398,398,Fakultní nemocnice Brno,Fakultní nemocnice Brno,2764,2764,2764,2764,2764,13820,,
CZ000000000000308,308,Centrální kotelna FN v Motole,Fakultní nemocnice v Motole,2936,2936,2936,2936,2936,14680,,
CZ000000000000335,335,Fosfa a.s.,Fosfa a.s.,11944,11944,11944,11944,11944,59720,,
CZ000000000000233,233,Glazura s.r.o.,Glazura s.r.o.,10156,10156,10156,10156,10156,50780,,
CZ000000000000366,366,Hanácká potravinářská společnost s.r.o .- Cukrovar Prosenice,Hanácká potravinářská společnost s.r.o.,8635,8635,8635,8635,8635,43175,,
CZ000000000000275,275,hasit,"HASIT Šumavské vápenice a omítkárny, s.r.o.",21674,21674,21674,21674,21674,108370,,
CZ000000000000336,336,Cihelna Dolní Bukovsko,HELUZ cihlářský průmysl v.o.s,8041,8041,8041,8041,8041,40205,,
CZ000000000000416,416,Cihelna Hevlín II,HELUZ s.r.o.,23523,23523,23523,23523,23523,117615,,
CZ000000000000334,334,Cihelna Hevlín,HELUZ cihlářský průmysl v.o.s.,11157,11157,11157,11157,11157,55785,,
CZ000000000000329,329,Cihelna Libochovice,HELUZ cihlářský průmysl v.o.s,15306,15306,15306,15306,15306,76530,,
CZ000000000000032,32,"Huhtamaki Česká republika, a.s","Huhtamaki Česká republika, a.s",2329,2329,2329,2329,2329,11645,,
CZ000000000203599,203599,Hyundai Motor Manufacturing Czech s.r.o.,Hyundai Motor Manufacturing Czech s.r.o.,8612,8612,8612,8612,8612,43060,CZ-0476,476
CZ000000000000006,6,provoz Teplárna Náchod,"innogy Energo, s.r.o.",5972,5819,5665,5512,5358,28326,,
CZ000000000000425,425,Podzemní zásobník plynu Třanovice,"innogy Gas Storage, s.r.o.",2386,2386,2386,2386,2386,11930,,
CZ000000000000285,285,Podzemní zásobník plynu Háje,"innogy Gas Storage, s. r. o.",754,754,754,754,754,3770,,
CZ000000000000208,208,"IROMEZ, Kotelna Z2",IROMEZ s.r.o.,1689,1646,1602,1559,1516,8012,,
CZ000000000000259,259,"JIP - Papírny Větřní, a.s.","JIP - Papírny Větřní, a.s.",7712,7712,7712,7712,7712,38560,,
CZ000000000000246,246,Zařízení na výrobu skla,"KAVALIERGLASS, a.s.",13594,13594,13594,13594,13594,67970,,
CZ000000000000078,78,Parní kotelna,KLATOVSKÁ TEPLÁRNA a.s.,1947,1897,1847,1797,1747,9235,,
CZ000000000000405,405,Knauf Insulation spol. s r.o.,Knauf Insulation spol s r.o.,17249,17249,17249,17249,17249,86245,,
CZ000000000000200,200,"KOMTERM Morava, s.r.o.","KOMTERM Morava, s.r.o.",5822,5673,5525,5374,5225,27619,,
CZ000000000000103,103,KRONOSPAN – Výroba aglomerovaných materiálů na bázi dřeva,"KRONOSPAN CR, spol. s r.o.",116660,116660,116660,116660,116660,583300,,
CZ000000000000043,43,Závodní elektrárna,"KRPA PAPER, a.s.",10782,10782,10782,10782,10782,53910,,
CZ000000000000277,277,"Lafarge Cement, a.s.","Lafarge Cement, a.s.",341689,341689,341689,341689,341689,1708445,,
CZ000000000000313,313,"LASSELSBERGER, s.r.o., závod Borovany",LASSELSBERGER s.r.o.,9104,9104,9104,9104,9104,45520,,
CZ000000000000314,314,"LASSELSBERGER, s.r.o., závod Chlumčany",LASSELSBEREGER s.r.o.,50590,50590,50590,50590,50590,252950,,
CZ000000000000317,317,"LASSELSBERGER,s.r.o., závod RAKO 3","LASSELSBERGER, s.r.o.",40246,40246,40246,40246,40246,201230,,
CZ000000000000339,339,"LASSELSBERGER,s.r.o., závod Podbořany","LASSELSBERGER, s.r.o.",12823,12823,12823,12823,12823,64115,,
CZ000000000000261,261,"Laufen CZ s.r.o., provozovna Bechyně",LAUFEN CZ s.r.o.,12825,12825,12825,12825,12825,64125,,
CZ000000000000278,278,Šachtové vápenické pece typu Ignis,"LB Cemix, s.r.o., výrobní závod Kotouč Štramberk",85648,85648,85648,85648,85648,428240,,
CZ000000000000390,390,Výtopna SEVER,"Letiště Praha, a.s.",2984,2984,2984,2984,2984,14920,,
CZ000000000000386,386,LIAPOR,"Lias Vintířov, lehký stavební materiál k.s.",15298,15298,15298,15298,15298,76490,,
CZ000000000000160,160,Cukrovar Litovel,"Litovelská cukrovarna, a.s.",5566,5566,5566,5566,5566,27830,,
CZ000000000000106,106,Lovochemie I.,"Lovochemie, a.s.",94191,94191,94191,94191,94191,470955,,
CZ000000000000107,107,Lovochemie II.,Lovochemie II.,67804,67804,67804,67804,67804,339020,,
CZ000000000000414,414,Mefrit spol. s r.o.,Mefrit spol. s r.o.,839,839,839,839,839,4195,,
CZ000000000000427,427,Podzemní zásobník plynu Uhřice,MND Gas Storage a.s.,1293,1293,1293,1293,1293,6465,,
CZ000000000000273,273,Mondi Štětí a.s.,Mondi Štětí a.s.,154705,154705,154705,154705,154705,773525,,
CZ000000000207422,207422,PZP Dambořice,Moravia Gas Storage a.s.,1073,1073,1073,1073,1073,5365,NEW,
CZ000000000000096,96,Teplárna MS UTILITIES & SERVICES a.s.,MS UTILITIES & SERVICES a.s.,4325,4325,4325,4325,4325,21625,,
CZ000000000000290,290,Kompresní stanice Břeclav,"NET4GAS,s.r.o.",5786,5786,5786,5786,5786,28930,,
CZ000000000000287,287,Kompresní stanice Kouřim,"NET4GAS,s.r.o.",1649,1649,1649,1649,1649,8245,,
CZ000000000000286,286,Kompresní stanice Kralice nad Oslavou,"NET4GAS,s.r.o.",1029,1029,1029,1029,1029,5145,,
CZ000000000000293,293,Kompresní stanice Veselí,"NET4GAS,s.r.o.",184,184,184,184,184,920,,
CZ000000000000238,238,závod Dubí,"O-I Czech Republic, a.s.",18095,18095,18095,18095,18095,90475,,
CZ000000000000237,237,závod Nové Sedlo,"O-I Czech Republic, a.s.",35763,35763,35763,35763,35763,178815,,
CZ000000000000062,62,"OKK Koksovny, a.s. - provoz Koksovna Svoboda","OKK Koksovny, a.s.",134097,134097,134097,134097,134097,670485,,
CZ000000000000144,144,"Ostrovská teplárenská, a.s.","Ostrovská teplárenská, a. s.",3322,3236,3152,3066,2980,15756,,
CZ000000000000001,1,"Procter & Gamble - Rakona, s.r.o.","Procter & Gamble - Rakona, s.r.o.",3208,3208,3208,3208,3208,16040,,
CZ000000000000231,231,Lokalita Svitavy,P-D Refractories CZ a.s.,6799,6799,6799,6799,6799,33995,,
CZ000000000000232,232,Lokalita Velké Opatovice,P-D Refractories CZ a.s.,13503,13503,13503,13503,13503,67515,,
CZ000000000000301,301,Papírenský stroj PS3,PAPOS Trade s.r.o.,3645,3645,3645,3645,3645,18225,,
CZ000000000000159,159,Papírna Aloisov a.s.,Papírna Aloisov a.s.,3118,3118,3118,3118,3118,15590,,
CZ000000000000003,3,Paramo a.s. HS Kolín,Paramo a.s.,19649,19649,19649,19649,19649,98245,,
CZ000000000000002,2,"PARAMO, a.s. HS Pardubice","PARAMO, a.s.",15951,15951,15951,15951,15951,79755,,
CZ000000000000080,80,PILSEN STEEL s.r.o.,PILSEN STEEL s.r.o.,21510,21510,21510,21510,21510,107550,,
CZ000000000208023,208023,"Pittsburgh Corning CR, s.r.o.","Pittsburgh Corning CR, s.r.o.",5588,5588,5588,5588,5588,27940,NEW,
CZ000000000000076,76,ENERGETIKA,"Plzeňská teplárenská, a. s.",11645,11346,11047,10748,10448,55234,,
CZ000000000000065,65,Teplárna,Plzeňská teplárenská a.s.,28893,28151,27409,26666,25924,137043,,
CZ000000000000223,223,"Plzeňský Prazdroj, a.s.","Plzeňský Prazdroj, a.s.",4994,4994,4994,4994,4994,24970,,
CZ000000000000019,19,"Plzeňský Prazdroj, a.s.","Plzeňský Prazdroj, a.s.",14793,14793,14793,14793,14793,73965,,
CZ000000000205510,205510,"Porr, a.s",Porr a.s,1855,1855,1855,1855,1855,9275,CZ-0480,480
CZ000000000000241,241,Plynová kotelna a regulační stanice na předehřev zemního plynu,"Pražská správa nemovitostí, spol.s r.o.",492,492,492,492,492,2460,,
CZ000000000000085,85,Pražská teplárenská a.s. - Teplárna Holešovice,Pražská teplárenská a.s.,5061,5061,5061,5061,5061,25305,,
CZ000000000000046,46,"Pražská teplárenská, a.s. - Teplárna Malešice","Pražská teplárenskká, a.s.",1189,1159,1128,1098,1067,5641,,
CZ000000000000084,84,Pražská teplárenská a.s. - Teplárna Michle,Pražská teplárenská a.s.,1287,1287,1287,1287,1287,6435,,
CZ000000000202156,202156,Zařízení na výrobu síranu vápenatého (sádrovce) a na výrobu anorganických pigmentů,PRECHEZA a.s.,112534,112534,112534,112534,112534,562670,CZ-0448,448
CZ000000000000319,319,"PRECIOSA ORNELA- závod Polubný, Příchovice a Desná","PRECIOSA ORNELA, a.s.",9491,9491,9491,9491,9491,47455,,
CZ000000000000299,299,"REFRASIL, s.r.o.","REFRASIL, s.r.o.",3782,3782,3782,3782,3782,18910,,
CZ000000000000415,415,Technologická linka BOH2,"ROCKWOOL, a.s.",25167,25167,25167,25167,25167,125835,,
CZ000000000000397,397,Rýnovická energetická s.r.o.,Rýnovická energetická s.r.o.,728,709,690,672,653,3452,,
CZ000000000000381,381,SAINT-GOBAIN ADFORS CZ s.r.o. - závod Hodonice,SAINT-GOBAIN ADFORS CZ s.r.o. - závod Hodonice,12274,12274,12274,12274,12274,61370,,
CZ000000000000272,272,"SAINT-GOBAIN ADFORS CZ, s.r.o. - závod Litomyšl",SANIT-GOBAIN ADFORS CZ s.r.o,21670,21670,21670,21670,21670,108350,,
CZ000000000000417,417,"divize Isover, Saint-Gobain Construction Products CZ a.s.",Saint-Gobain Construction Products CZ a.s.,42133,42133,42133,42133,42133,210665,,
CZ000000000000162,162,Plynová kotelna VS 107,Semperflex Optimit s.r.o.,1017,1017,1017,1017,1017,5085,,
CZ000000000000120,120,Elektrárna Chvaletice,"Sev.en EC, a.s.",1533,1493,1454,1415,1375,7270,,
CZ000000000000357,357,"Silike keramika, spol. s r.o., provoz Děčín","Silike keramika, spol. s r.o.",2438,2438,2438,2438,2438,12190,,
CZ000000000000242,242,"SKLÁRNY MORAVIA, akciová společnost","SKLÁRNY MORAVIA, akciová společnost",7412,7412,7412,7412,7412,37060,,
CZ000000000000418,418,"SLADOVNY SOUFFLET ČR, a.s. - závod Kroměříž","SLADOVNY SOUFFLET ČR, a.s.",9388,9388,9388,9388,9388,46940,,
CZ000000000205490,205490,"Slévárny Třinec, a.s.","Slévárny Třinec, a.s.",5916,5916,5916,5916,5916,29580,NEW,
CZ000000000000021,21,Smurfit Kappa Czech s.r.o. závod Morava Paper,Smurfit Kappa Czech s.r.o.,12159,12159,12159,12159,12159,60795,,
CZ000000000000117,117,"Sokolovská uhelná, právní nástupce, a.s. - Zpracovatelská část","Sokolovská uhelná, právní nástupce, a.s.",104579,101892,99206,96518,93831,496026,,
CZ000000000000105,105,SPOLANA,SPOLANA s.r.o.,69151,69151,69151,69151,69151,345755,,
CZ000000000000426,426,Podzemní zásobník plynu,"SPP Storage, s.r.o.",1498,1498,1498,1498,1498,7490,,
CZ000000000000330,330,Stölzle - Union s.r.o.,Stölzle - Union s.r.o.,15974,15974,15974,15974,15974,79870,,
CZ000000000000022,22,"Synthesia, a.s., odštěpný závod SYNTHESIA","Synthesia, a.s.",75206,75206,75206,75206,75206,376030,,
CZ000000000000372,372,Synthomer a.s.,Synthomer a.s.,65717,65717,65717,65717,65717,328585,,
CZ000000000202754,202754,SYNTHOS Kralupy a.s.,SYNTHOS Kralupy a.s.,41,41,41,41,41,205,CZ-0458,458
CZ000000000202755,202755,SYNTHOS Kralupy a.s.- výroba Polystyreny,SYNTHOS Kralupy a.s.,10155,10155,10155,10155,10155,50775,NEW,
CZ000000000202753,202753,SYNTHOS Kralupy a.s.-výroba Styren,SYNTHOS Kralupy a.s.,55830,55830,55830,55830,55830,279150,NEW,
CZ000000000000421,421,TAMEH Czech s.r.o.,TAMEH Czech s.r.o.,64165,62516,60867,59219,57570,304337,,
CZ000000000000167,167,TAMERO INVEST s.r.o.,TAMERO INVEST s.r.o.,106228,103498,100768,98039,95309,503842,,
CZ000000000000353,353,"Teplárna Liberec, a.s.","Teplárna Liberec, a.s.",4079,3974,3869,3765,3660,19347,,
CZ000000000000038,38,Teplárna Otrokovice a.s.,Teplárna Otrokovice a.s.,20115,19598,19081,18565,18048,95407,,
CZ000000000000169,169,Teplárna Písek,"Teplárna Písek, a.s.",6563,6394,6226,6057,5888,31128,,
CZ000000000000040,40,"Teplárna Strakonice, a.s.","Teplárna Strakonice, a.s.",9115,8881,8647,8413,8178,43234,,
CZ000000000000225,225,Teplárna Týnec s.r.o.,Teplárna Týnec s.r.o.,550,535,521,508,493,2607,,
CZ000000000000264,264,"Teplárna České Budějovice, a.s. Výtopna Vráto","Teplárna České Budějovice, a. s.",794,794,794,794,794,3970,,
CZ000000000000245,245,"Teplárna České Budějovice, a.s.","Teplárna České Budějovice, a. s. - Novohradská ulice",22624,22043,21462,20880,20299,107308,,
CZ000000000000050,50,"Teplárna Tábor, a.s. - základní kotelna TTA1","Teplárna Tábor, a.s.",7342,7153,6964,6776,6587,34822,,
CZ000000000000091,91,"Teplárna Tábor, a.s. - výtopna TTA2","Teplárna Tábor, a.s.",100,100,100,100,100,500,,
CZ000000000000141,141,Provoz Brno-sever,"Teplárny Brno, a.s.",1856,1809,1761,1713,1665,8804,,
CZ000000000000205,205,Provoz Staré Brno,"Teplárny Brno, a.s.",158,158,158,158,158,790,,
CZ000000000000143,143,Provoz Červený mlýn,"Teplárny Brno, a.s.",10988,10706,10424,10141,9859,52118,,
CZ000000000000142,142,Provoz Špitálka,"Teplárny Brno, a.s.",17730,17275,16819,16363,15908,84095,,
CZ000000000000371,371,Tereos TTD - Cukrovar Dobrovice,"Tereos TTD, a.s.",64219,64219,64219,64219,64219,321095,,
CZ000000000000370,370,Tereos TTD - Cukrovar České Meziříčí,"Tereos TTD, a.s.",31212,31212,31212,31212,31212,156060,,
CZ000000000000025,25,Energetika-kotelna,Teva Czech Industries s.r.o.,9608,9608,9608,9608,9608,48040,,
CZ000000000000297,297,Kotelna ŽOS Nymburk,Thermoservis spol. s r.o.,2036,2036,2036,2036,2036,10180,,
CZ000000000000188,188,Plynová kotelna,Trelleborg Wheel Systems Czech Republic a.s.,3517,3517,3517,3517,3517,17585,,
CZ000000000000382,382,Kotelna K13,TTS enego s.r.o.,1,1,1,1,1,5,,
CZ000000000201994,201994,Sochorová válcovna,"TŘINECKÉ ŽELEZÁRNY, a.s.",38934,38934,38934,38934,38934,194670,CZ-0461,461
CZ000000000000114,114,"TŘINECKÉ ŽELEZÁRNY, a.s.","TŘINECKÉ ŽELEZÁRNY, a.s.",3961139,3961139,3961139,3961139,3961139,19805695,,
CZ000000000000092,92,AGROCHEMIE,"UNIPETROL RPA, s.r.o.",412395,412395,412395,412395,412395,2061975,,
CZ000000000000234,234,PETROCHEMIE,"UNIPETROL RPA, s.r.o.",550351,550351,550351,550351,550351,2751755,,
CZ000000000000340,340,Rafinérie Kralupy,"UNIPETROL RPA, s.r.o",306078,306078,306078,306078,306078,1530390,,
CZ000000000000260,260,Rafinérie Litvínov,"UNIPETROL RPA, s.r.o",383695,383695,383695,383695,383695,1918475,,
CZ000000000000112,112,"United Energy a.s.,Teplárna Komořany","United energy, a.s.",23715,23106,22496,21887,21278,112482,,
CZ000000000205946,205946,Tepelné a zvukové izolace ROTAFLEX - UNION LESNÍ BRÁNA - tavící agregát,"UNION LESNÍ BRÁNA, a.s.",1852,1852,1852,1852,1852,9260,CZ-0481,481
CZ000000000000338,338,Kotelna a další spalovací zařízení,"Varroc Lighting Systems, s.r.o.",1234,1234,1234,1234,1234,6170,,
CZ000000000000216,216,Teplárna Frýdek-Místek,"Veolia Energie ČR, a.s",8930,8701,8471,8242,8012,42356,,
CZ000000000000054,54,Teplárna Dolu ČSM,"Veolia Průmyslové služby ČR, a.s.",4954,4827,4699,4572,4445,23497,,
CZ000000000000191,191,Elektrárna Kolín,"Veolia Energie Kolín, a.s",10598,10326,10053,9781,9509,50267,,
CZ000000000000209,209,Elektrárna Třebovice,"Veolia Energie ČR, a.s",43522,42403,41285,40167,39048,206425,,
CZ000000000000210,210,Mobilní kotelna Jižní Město,"Veolia Energie ČR, a.s",26,26,26,26,26,130,,
CZ000000000000211,211,Provoz Nový Jičín,"Veolia Energie ČR, a.s",1211,1180,1148,1117,1086,5742,,
CZ000000000000215,215,Teplárna Československé armády,"Veolia Energie ČR, a.s",12087,11776,11466,11155,10845,57329,,
CZ000000000000217,217,Teplárna Karviná,"Veolia Energie ČR, a.s",16721,16291,15861,15432,15002,79307,,
CZ000000000000218,218,Teplárna Krnov,"Veolia Energie ČR, a.s",5368,5230,5092,4954,4816,25460,,
CZ000000000000219,219,Teplárna Olomouc,"Veolia Energie ČR, a.s",24826,24188,23550,22912,22274,117750,,
CZ000000000000220,220,Teplárna Přerov,"Veolia Energie ČR, a.s",10918,10638,10357,10077,9796,51786,,
CZ000000000000221,221,Teplárna Přívoz,"Veolia Energie ČR, a.s",18010,17547,17085,16622,16159,85423,,
CZ000000000000086,86,Teplárna Veleslavín,"Veolia Energie Praha, a.s.",5761,5612,5464,5316,5168,27321,,
CZ000000000000088,88,Výtopna Juliska,"Veolia Energie Praha, a.s.",4324,4213,4102,3991,3879,20509,,
CZ000000000000057,57,Výtopna Mariánské Lázně,"Veolia Energie Mariánské Lázně, s.r.o.",3777,3680,3583,3486,3389,17915,,
CZ000000000000214,214,Špičková výtopna Olomouc,"Veolia Energie ČR, a.s",379,379,379,379,379,1895,,
CZ000000000000320,320,"VETROPACK MORAVIA GLASS, akciová společnost","VETROPACK MORAVIA GLASS, akciová společnost",55291,55291,55291,55291,55291,276455,,
CZ000000000000279,279,"VITRABLOK, s.r.o.","VITRABLOK, s.r.o.",25118,25118,25118,25118,25118,125590,,
CZ000000000202027,202027,"Válcovny trub Chomutov, a.s.","Válcovny trub Chomutov, a.s",16846,16846,16846,16846,16846,84230,NEW,
CZ000000000000171,171,"Válcovny trub Chomutov, a.s., pracoviště Hrádek","Válcovny trub Chomutov, a.s",10623,10623,10623,10623,10623,53115,,
CZ000000000000276,276,"VÁPENKA VITOŠOV, s.r.o.",VÁPENKA VITOŠOV s.r.o.,218235,218235,218235,218235,218235,1091175,,
CZ000000000000283,283,Vápenka Čertovy schody a.s.,Vápenka Čertovy schody a.s.,250783,250783,250783,250783,250783,1253915,,
CZ000000000000037,37,VÍTKOVICE HEAVY MACHINERY a.s.,VÍTKOVICE HEAVY MACHINERY a.s.,33189,33189,33189,33189,33189,165945,,
CZ000000000000052,52,Válcovny,"VÍTKOVICE STEEL,a.s.",48951,48951,48951,48951,48951,244755,,
CZ000000000000095,95,Výroba a prodej tepla Příbram a.s. - CZT,Výroba a prodej tepla Příbram a.s.,4266,4157,4047,3938,3828,20236,,
CZ000000000000256,256,Wienerberger s.r.o. - závod Holice,Wienerberger s.r.o.,17142,17142,17142,17142,17142,85710,,
CZ000000000000380,380,Wienerberger s.r.o. - závod Jezernice,Wienerberger s.r.o.,37936,37936,37936,37936,37936,189680,,
CZ000000000000248,248,Wienerberger s.r.o. - závod Novosedly,Wienerberger s.r.o.,20894,20894,20894,20894,20894,104470,,
CZ000000000000250,250,Wienerberger s.r.o. - závod Týn,Wienerberger s.r.o.,14271,14271,14271,14271,14271,71355,,
CZ000000000000269,269,Wienerberger s.r.o. - závod Blížejov,Wienerberger s.r.o.,1863,1863,1863,1863,1863,9315,,
CZ000000000000270,270,Wienerberger s.r.o. - závod Hranice,Wienerberger s.r.o.,8320,8320,8320,8320,8320,41600,,
CZ000000000000268,268,Wienerberger s.r.o. - závod Stod,Wienerberger s.r.o.,6045,6045,6045,6045,6045,30225,,
CZ000000000000271,271,Wienerberger s.r.o. - závod Šlapanice,Wienerberger s.r.o.,7530,7530,7530,7530,7530,37650,,
CZ000000000000243,243,Wienerberger s.r.o. - závod Řepov,Wienerberger s.r.o.,4845,4845,4845,4845,4845,24225,,
CZ000000000000183,183,"Wotan Forest, a.s., Divize plošných materiálů ALFA","Wotan Forest, a.s.",5345,5345,5345,5345,5345,26725,,
CZ000000000000332,332,Zlínské cihelny s.r.o. - cihelna Malenovice,Zlínské cihelny s.r.o.,1650,1650,1650,1650,1650,8250,,
CZ000000000000331,331,Zlínské cihelny s.r.o. - cihelna Žopy,Zlínské cihelny s.r.o,1332,1332,1332,1332,1332,6660,,
CZ000000000000229,229,Teplárna Jiráskova,Zásobování teplem Vsetín a.s.,2117,2063,2009,1954,1900,10043,,
CZ000000000000186,186,"ZVVZ ENERGO, s.r.o. - kotelna","ZVVZ ENERGO, s.r.o.",1840,1840,1840,1840,1840,9200,,
CZ000000000000351,351,Kotelna a kogenerace ÚVN Praha,Ústřední vojenská nemocnice - Vojenská fakultní nemocnice Praha,1060,1032,1005,977,950,5024,,
CZ000000000000258,258,Výtopna LOOS,ČESKOLIPSKÁ TEPLÁRENSKÁ a.s.,2077,2077,2077,2077,2077,10385,,
CZ000000000000324,324,Českomoravský cement - závod Mokrá,"Českomoravský cement, a.s.",530745,530745,530745,530745,530745,2653725,,
CZ000000000000325,325,"Českomoravský cement, a.s. - závod Radotín","Českomoravský cement, a.s.",384067,384067,384067,384067,384067,1920335,,
CZ000000000000174,174,Česká zbrojovka a.s. - kotelna v hlavním závodě,Česká zbrojovka a.s.,810,810,810,810,810,4050,,
CZ000000000000315,315,"České lupkové závody, a.s.","České lupkové závody, a.s.",9119,9119,9119,9119,9119,45595,,
CZ000000000206782,206782,Plynová kotelna v ELE,"ČEZ Teplárenská, a.s.",2933,2933,2933,2933,2933,14665,NEW,
CZ000000000000119,119,Elektrárna Hodonín,"ČEZ, a. s.",5852,5702,5551,5401,5251,27757,,
CZ000000000000121,121,Elektrárna Ledvice,"ČEZ, a. s.",15494,15097,14698,14301,13902,73492,,
CZ000000000000122,122,Elektrárna Mělník,"ČEZ, a. s.",19465,18965,18465,17965,17465,92325,,
CZ000000000000125,125,Elektrárna Poříčí,"ČEZ, a. s.",16451,16028,15606,15183,14760,78028,,
CZ000000000000129,129,Elektrárny Tušimice,"ČEZ, a. s.",6563,6394,6225,6057,5888,31127,,
CZ000000000000124,124,Elektrárna Počerady,"Elektrárna Počerady, a.s.",1498,1459,1420,1382,1344,7103,,
CZ000000000000126,126,Elektrárny Prunéřov,"ČEZ, a. s.",13089,12753,12416,12080,11744,62082,,
CZ000000000000131,131,Teplárna Dvůr Králové nad Labem,"ČEZ, a. s.",1941,1891,1841,1791,1742,9206,,
CZ000000000000151,151,Teplárna Trmice,"ČEZ, a. s.",54018,52629,51242,49853,48466,256208,,
CZ000000000000011,11,"ČKD Kutná Hora, a.s. - Slévárna Kutná Hora","ČKD Kutná Hora, a.s.",924,924,924,924,924,4620,,
CZ000000000000164,164,Teplárna ŠKO-ENERGO Mladá Boleslav,"ŠKO-ENERGO, s.r.o.",19555,19052,18550,18047,17545,92749,,
CZ000000000000165,165,Výtopna ŠKO-ENERGO Vrchlabí,"ŠKO-ENERGO, s.r.o.",389,389,389,389,389,1945,,
CZ000000000000292,292,"ŠKODA AUTO a.s., Mladá Boleslav, závod Kvasiny",ŠKODA AUTO a.s.,4511,4511,4511,4511,4511,22555,,
CZ000000000000199,199,Výtopna Perč,"Žatecká teplárenská, a.s.",2790,2719,2647,2575,2504,13235,,
CZ000000000000187,187,"ŽĎAS, a.s.","ŽĎAS, a.s.",26435,26435,26435,26435,26435,132175,,
TOTAL,,,,16073759,16045203,16016647,15988095,15959537,80083241,,
